{"cameraMode":{"drawMode":0,"name":"Shaded","section":"Shading Mode"},"sceneLighting":true,"audioPlay":false,"sceneViewState":{"m_AlwaysRefresh":false,"showFog":true,"showSkybox":true,"showFlares":true,"showImageEffects":true,"showParticleSystems":true,"showVisualEffectGraphs":true,"m_FxEnabled":true},"in2DMode":false,"pivot":{"x":3.833988904953003,"y":2.4661738872528078,"z":-1.5606058835983277},"rotation":{"x":-0.09587650746107102,"y":0.18902833759784699,"z":-0.018548274412751199,"w":-0.9771026968955994},"size":6.1548638343811039,"orthographic":false}